?resc	?labelDe	?labelEn
<http://dbpedia.org/resource/1897>	"1897"@de	"1897"@en
<http://dbpedia.org/resource/2060_Chiron>	"(2060) Chiron"@de	"Chiron"@en
<http://dbpedia.org/resource/243_Ida>	"(243) Ida"@de	"243 Ida"@en
<http://dbpedia.org/resource/253_Mathilde>	"(253) Mathilde"@de	"253 Mathilde"@en
<http://dbpedia.org/resource/2_Pallas>	"(2) Pallas"@de	"2 Pallas"@en
<http://dbpedia.org/resource/3753_Cruithne>	"(3753) Cruithne"@de	"3753 Cruithne"@en
<http://dbpedia.org/resource/4179_Toutatis>	"(4179) Toutatis"@de	"4179 Toutatis"@en
<http://dbpedia.org/resource/433_Eros>	"(433) Eros"@de	"433 Eros"@en
<http://dbpedia.org/resource/4769_Castalia>	"(4769) Castalia"@de	"4769 Castalia"@en
<http://dbpedia.org/resource/588_Achilles>	"(588) Achilles"@de	"588 Achilles"@en
<http://dbpedia.org/resource/61_Cygni>	"61 Cygni"@de	"61 Cygni"@en
<http://dbpedia.org/resource/70_Virginis>	"70 Virginis"@de	"70 Virginis"@en
<http://dbpedia.org/resource/Acre,_Israel>	"Akkon"@de	"Acre"@en
<http://dbpedia.org/resource/Acre,_Israel>	"Akkon"@de	"عكّا"@en
<http://dbpedia.org/resource/Adirondack_Mountains>	"Adirondack Mountains"@de	"Adirondack Mountains"@en
<http://dbpedia.org/resource/Albireo>	"Albireo"@de	"Albireo"@en
<http://dbpedia.org/resource/Albula_Alps>	"Albula-Alpen"@de	"Albula Alps"@en
<http://dbpedia.org/resource/Almohad_Caliphate>	"Almohaden"@de	"Almohad Caliphate"@en
<http://dbpedia.org/resource/Almohad_Caliphate>	"Almohaden"@de	"Almohads"@en
<http://dbpedia.org/resource/Ashkelon>	"Aschkelon"@de	"Ashkelon"@en
<http://dbpedia.org/resource/Ashkelon>	"Aschkelon"@de	"Ashqelon, Ascalon"@en
<http://dbpedia.org/resource/Ashkelon>	"Aschkelon"@de	"عسقلان"@en
<http://dbpedia.org/resource/Bernese_Alps>	"Berner Alpen"@de	"Bernese Alps"@en
<http://dbpedia.org/resource/Betelgeuse>	"Beteigeuze"@de	"Betelgeuse"@en
<http://dbpedia.org/resource/Blackfriars_Bridge>	"Blackfriars Bridge"@de	"Blackfriars Bridge"@en
<http://dbpedia.org/resource/Brooklyn_Bridge>	"Brooklyn Bridge"@de	"Brooklyn Bridge"@en
<http://dbpedia.org/resource/Campania>	"Kampanien"@de	"Campania"@en
<http://dbpedia.org/resource/Cape_Colony>	"Kapkolonie"@de	"Cape Colony"@en
<http://dbpedia.org/resource/Cape_Colony>	"Kapkolonie"@de	"Cape of Good Hope"@en
<http://dbpedia.org/resource/Carpathian_Mountains>	"Karpaten"@de	"Carpathians"@en
<http://dbpedia.org/resource/Castile_(historical_region)>	"Kastilien"@de	"Castile"@en
<http://dbpedia.org/resource/Castile_(historical_region)>	"Kastilien"@de	"Castilla"@en
<http://dbpedia.org/resource/Central_Tibetan_Administration>	"Tibetische Exilregierung"@de	"Tsänjöl Bhömī Drikdzuk"@en
<http://dbpedia.org/resource/Central_Tibetan_Administration>	"Tibetische Exilregierung"@de	"btsan-byol bod-mi'i sgrig-'dzugs"@en
<http://dbpedia.org/resource/Corfu>	"Korfu"@de	"Corfu"@en
<http://dbpedia.org/resource/Corfu>	"Korfu"@de	"Κέρκυρα"@en
<http://dbpedia.org/resource/Cottian_Alps>	"Cottische Alpen"@de	"Cottian Alps"@en
<http://dbpedia.org/resource/County_Londonderry>	"County Londonderry"@de	"County Londonderry"@en
<http://dbpedia.org/resource/County_Tyrone>	"County Tyrone"@de	"County Tyrone"@en
<http://dbpedia.org/resource/Dalmatia>	"Dalmatien"@de	"Dalmatia"@en
<http://dbpedia.org/resource/Dalmatia>	"Dalmatien"@de	"Dalmacija"@en
<http://dbpedia.org/resource/Dauphiné_Alps>	"Dauphiné-Alpen"@de	"Dauphiné Alps"@en
<http://dbpedia.org/resource/Democratic_Republic_of_Afghanistan>	"Demokratische Republik Afghanistan"@de	"Afghanistan"@en
<http://dbpedia.org/resource/Democratic_Republic_of_Afghanistan>	"Demokratische Republik Afghanistan"@de	"Democratic Republic of Afghanistan (1978&ndash;87)"@en
<http://dbpedia.org/resource/Democratic_Republic_of_Afghanistan>	"Demokratische Republik Afghanistan"@de	"Dǝ Afġānistān Jumhūriyat"@en
<http://dbpedia.org/resource/Democratic_Republic_of_Afghanistan>	"Demokratische Republik Afghanistan"@de	"Jumhūri-ye Dimukrātī-ye Afghānistān"@en
<http://dbpedia.org/resource/Democratic_Republic_of_Afghanistan>	"Demokratische Republik Afghanistan"@de	"Jumhūrī-ye Afġānistān"@en
<http://dbpedia.org/resource/Democratic_Republic_of_Afghanistan>	"Demokratische Republik Afghanistan"@de	"Dǝ Afġānistān Dimukratī Jumhūriyat Republic of Afghanistan (1987–92)"@en
<http://dbpedia.org/resource/Democratic_Republic_of_Afghanistan>	"Demokratische Republik Afghanistan"@de	"جمهوری افغانستان"@en
<http://dbpedia.org/resource/Democratic_Republic_of_Afghanistan>	"Demokratische Republik Afghanistan"@de	"جمهوری دمکراتی افغانستان"@en
<http://dbpedia.org/resource/Democratic_Republic_of_Afghanistan>	"Demokratische Republik Afghanistan"@de	"د افغانستان جمهوریت"@en
<http://dbpedia.org/resource/Democratic_Republic_of_Afghanistan>	"Demokratische Republik Afghanistan"@de	"دافغانستان دمکراتی جمهوریت"@en
<http://dbpedia.org/resource/Dolomites>	"Dolomiten"@de	"Dolomites"@en
<http://dbpedia.org/resource/Duchy_of_Lorraine>	"Herzogtum Lothringen"@de	"Lorraine"@en
<http://dbpedia.org/resource/Duchy_of_Lorraine>	"Herzogtum Lothringen"@de	"Duchy of (Upper) Lorraine"@en
<http://dbpedia.org/resource/Duchy_of_Lorraine>	"Herzogtum Lothringen"@de	"Duché de (Haute-)Lorraine (fr)"@en
<http://dbpedia.org/resource/Duchy_of_Lorraine>	"Herzogtum Lothringen"@de	"Herzogtum (Ober-)Lothringen (de)"@en
<http://dbpedia.org/resource/Epirus>	"Epirus (historische Region)"@de	"Epirus"@en
<http://dbpedia.org/resource/Epirus>	"Epirus (historische Region)"@de	"Ήπειρος"@en
<http://dbpedia.org/resource/Fatimid_Caliphate>	"Fatimiden"@de	"Fatimid Caliphate"@en
<http://dbpedia.org/resource/Fatimid_Caliphate>	"Fatimiden"@de	"Fatimid Islamic Caliphate"@en
<http://dbpedia.org/resource/French_Equatorial_Africa>	"Französisch-Äquatorialafrika"@de	"French Equatorial Africa"@en
<http://dbpedia.org/resource/French_Equatorial_Africa>	"Französisch-Äquatorialafrika"@de	"Afrique équatoriale française"@en
<http://dbpedia.org/resource/Ganymede_(moon)>	"Ganymed (Mond)"@de	"Ganymede"@en
<http://dbpedia.org/resource/Georgia_(U.S._state)>	"Georgia"@de	"State of Georgia"@en
<http://dbpedia.org/resource/Glarus_Alps>	"Glarner Alpen"@de	"Glarus Alps"@en
<http://dbpedia.org/resource/Graian_Alps>	"Grajische Alpen"@de	"Graian Alps"@en
<http://dbpedia.org/resource/Great_Dividing_Range>	"Great Dividing Range"@de	"Great Dividing Range"@en
<http://dbpedia.org/resource/Haifa>	"Haifa"@de	"Haifa"@en
<http://dbpedia.org/resource/Halley's_Comet>	"Halleyscher Komet"@de	"1P/Halley (Halley's Comet)"@en
<http://dbpedia.org/resource/Himalayas>	"Himalaya"@de	"Himalayas"@en
<http://dbpedia.org/resource/History_of_Portugal_(1415–1578)>	"Chronologie der portugiesischen Entdeckungen"@de	"Portugal"@en
<http://dbpedia.org/resource/History_of_Portugal_(1415–1578)>	"Chronologie der portugiesischen Entdeckungen"@de	"Kingdom of"@en
<http://dbpedia.org/resource/History_of_Portugal_(1415–1578)>	"Chronologie der portugiesischen Entdeckungen"@de	"Portugal and the Algarves"@en
<http://dbpedia.org/resource/Hoysala_Empire>	"Hoysala"@de	"Hoysala Empire"@en
<http://dbpedia.org/resource/Hoysala_Empire>	"Hoysala"@de	"ಹೊಯ್ಸಳ ಸಾಮ್ರಾಜ್ಯ"@en
<http://dbpedia.org/resource/Indian_Territory>	"Indianer-Territorium"@de	"Oklahoma"@en
<http://dbpedia.org/resource/Indian_Territory>	"Indianer-Territorium"@de	"Indian Territory"@en
<http://dbpedia.org/resource/Italian_East_Africa>	"Italienisch-Ostafrika"@de	"Italian East Africa"@en
<http://dbpedia.org/resource/Italian_East_Africa>	"Italienisch-Ostafrika"@de	"Africa Orientale Italiana"@en
<http://dbpedia.org/resource/Jin_dynasty_(1115–1234)>	"Jin-Dynastie (1125–1234)"@de	"Jin dynasty"@en
<http://dbpedia.org/resource/Jin_dynasty_(1115–1234)>	"Jin-Dynastie (1125–1234)"@de	"Jin dynasty, 1115–1234"@en
<http://dbpedia.org/resource/Jin_dynasty_(1115–1234)>	"Jin-Dynastie (1125–1234)"@de	"65px"@en
<http://dbpedia.org/resource/Jin_dynasty_(265–420)>	"Jin-Dynastie (265–420)"@de	"Jin dynasty"@en
<http://dbpedia.org/resource/Jin_dynasty_(265–420)>	"Jin-Dynastie (265–420)"@de	"Jin"@en
<http://dbpedia.org/resource/Jupiter>	"Jupiter (Planet)"@de	"Jupiter"@en
<http://dbpedia.org/resource/Labrador>	"Labrador (Kanada)"@de	"Labrador"@en
<http://dbpedia.org/resource/Lepontine_Alps>	"Lepontinische Alpen"@de	"Lepontine Alps"@en
<http://dbpedia.org/resource/Liu_Song_dynasty>	"Frühere Song-Dynastie"@de	"Song"@en
<http://dbpedia.org/resource/Liu_Song_dynasty>	"Frühere Song-Dynastie"@de	"Liu Song"@en
<http://dbpedia.org/resource/Liu_Song_dynasty>	"Frühere Song-Dynastie"@de	"宋"@en
<http://dbpedia.org/resource/Lower_Canada>	"Niederkanada"@de	"Lower Canada"@en
<http://dbpedia.org/resource/Lower_Canada>	"Niederkanada"@de	"Province of Lower Canada"@en
<http://dbpedia.org/resource/Lower_Canada>	"Niederkanada"@de	"Province du Bas-Canada"@en
<http://dbpedia.org/resource/Lullingstone_Roman_Villa>	"Römische Villa bei Lullingstone"@de	"Lullingstone Roman Villa"@en
<http://dbpedia.org/resource/Macedonia_(ancient_kingdom)>	"Makedonien (antikes Königreich)"@de	"Macedonia"@en
<http://dbpedia.org/resource/Macedonia_(ancient_kingdom)>	"Makedonien (antikes Königreich)"@de	"Macedon"@en
<http://dbpedia.org/resource/Macedonia_(ancient_kingdom)>	"Makedonien (antikes Königreich)"@de	"Μακεδονία"@en
<http://dbpedia.org/resource/Maritime_Alps>	"Seealpen"@de	"Maritime Alps"@en
<http://dbpedia.org/resource/Moldavia>	"Fürstentum Moldau"@de	"Moldavia"@en
<http://dbpedia.org/resource/Moldavia>	"Fürstentum Moldau"@de	"Principality of Moldavia"@en
<http://dbpedia.org/resource/Monticello>	"Monticello (Virginia)"@de	"Monticello"@en
<http://dbpedia.org/resource/Netherlands_New_Guinea>	"Niederländisch-Neuguinea"@de	"Netherlands New Guinea"@en
<http://dbpedia.org/resource/Netherlands_New_Guinea>	"Niederländisch-Neuguinea"@de	"Nederlands-Nieuw-Guinea"@en
<http://dbpedia.org/resource/New_Netherland>	"Nieuw Nederland"@de	"New Netherland"@en
<http://dbpedia.org/resource/New_Netherland>	"Nieuw Nederland"@de	"Nieuw-Nederland"@en
<http://dbpedia.org/resource/Oregon_Trail>	"Oregon Trail"@de	"The Oregon Trail"@en
<http://dbpedia.org/resource/Organisation_of_African_Unity>	"Organisation für Afrikanische Einheit"@de	"Organisation of African Unity"@en
<http://dbpedia.org/resource/Organisation_of_African_Unity>	"Organisation für Afrikanische Einheit"@de	"Organisation for African Unity"@en
<http://dbpedia.org/resource/Organisation_of_African_Unity>	"Organisation für Afrikanische Einheit"@de	"Organisation de l'Unité Africaine"@en
<http://dbpedia.org/resource/Organisation_of_Islamic_Cooperation>	"Organisation für Islamische Zusammenarbeit"@de	"OIC"@en
<http://dbpedia.org/resource/Overijssel>	"Provinz Overijssel"@de	"Overijssel"@en
<http://dbpedia.org/resource/Palace_of_Versailles>	"Schloss Versailles"@de	"Palace of Versailles"@en
<http://dbpedia.org/resource/Palace_of_Versailles>	"Schloss Versailles"@de	"Château de Versailles"@en
<http://dbpedia.org/resource/Peckforton_Castle>	"Peckforton Castle"@de	"Peckforton Castle"@en
<http://dbpedia.org/resource/Pennine_Alps>	"Walliser Alpen"@de	"Pennine Alps"@en
<http://dbpedia.org/resource/Petra>	"Petra (Jordanien)"@de	"Petra"@en
<http://dbpedia.org/resource/Petra>	"Petra (Jordanien)"@de	"Raqmu"@en
<http://dbpedia.org/resource/Pluto>	"Pluto"@de	"Pluto"@en
<http://dbpedia.org/resource/Sangre_de_Cristo_Range>	"Sangre de Cristo Range"@de	"Sangre de Cristo Range"@en
<http://dbpedia.org/resource/Saturn>	"Saturn (Planet)"@de	"Saturn"@en
<http://dbpedia.org/resource/Scutum>	"Schild (Sternbild)"@de	"Scutum"@en
<http://dbpedia.org/resource/Seine>	"Seine"@de	"Seine"@en
<http://dbpedia.org/resource/Seine>	"Seine"@de	"La Seine"@en
<http://dbpedia.org/resource/Sevastopol>	"Sewastopol"@de	"Sevastopol"@en
<http://dbpedia.org/resource/Shang_dynasty>	"Shang-Dynastie"@de	"Shang dynasty"@en
<http://dbpedia.org/resource/Silk_Road>	"Seidenstraße"@de	"Silk Road"@en
<http://dbpedia.org/resource/Sindh>	"Sindh"@de	"Sindh"@en
<http://dbpedia.org/resource/Sindh>	"Sindh"@de	"سنڌ"@en
<http://dbpedia.org/resource/Snowy_Mountains>	"Snowy Mountains"@de	"Snowy Mountains"@en
<http://dbpedia.org/resource/Song_dynasty>	"Song-Dynastie"@de	"Song dynasty"@en
<http://dbpedia.org/resource/Song_dynasty>	"Song-Dynastie"@de	"Northern Song dynasty"@en
<http://dbpedia.org/resource/South-West_Africa>	"Südwestafrika"@de	"South-West Africa"@en
<http://dbpedia.org/resource/South-West_Africa>	"Südwestafrika"@de	"Suidwes-Afrika"@en
<http://dbpedia.org/resource/South-West_Africa>	"Südwestafrika"@de	"Südwestafrika"@en
<http://dbpedia.org/resource/South-West_Africa>	"Südwestafrika"@de	"Zuidwest-Afrika"@en
<http://dbpedia.org/resource/Spica>	"Spica"@de	"Spica"@en
<http://dbpedia.org/resource/Tajiks>	"Tadschiken"@de	"Tajik people"@en
<http://dbpedia.org/resource/Tajiks>	"Tadschiken"@de	"Тоҷик"@en
<http://dbpedia.org/resource/Tajiks>	"Tadschiken"@de	"تاجیک"@en
<http://dbpedia.org/resource/Tang_dynasty>	"Tang-Dynastie"@de	"Tang dynasty"@en
<http://dbpedia.org/resource/Tau_Ceti>	"Tau Ceti"@de	"Tau Ceti"@en
<http://dbpedia.org/resource/Taurus_(constellation)>	"Stier (Sternbild)"@de	"Taurus"@en
<http://dbpedia.org/resource/Telescopium>	"Teleskop (Sternbild)"@de	"Telescopium"@en
<http://dbpedia.org/resource/Telesto_(moon)>	"Telesto (Mond)"@de	"Telesto"@en
<http://dbpedia.org/resource/Tennessee>	"Tennessee"@de	"State of Tennessee"@en
<http://dbpedia.org/resource/Tenochtitlan>	"Tenochtitlan"@de	"Tenochtitlan"@en
<http://dbpedia.org/resource/Tenochtitlan>	"Tenochtitlan"@de	"Mexico-Tenochtitlan"@en
<http://dbpedia.org/resource/Thirteen_Colonies>	"Dreizehn Kolonien"@de	"Thirteen Colonies"@en
<http://dbpedia.org/resource/Thuban>	"Thuban"@de	"Thuban, α Dra"@en
<http://dbpedia.org/resource/Tower_of_London>	"Tower of London"@de	"Tower of London"@en
<http://dbpedia.org/resource/Triangulum_Australe>	"Südliches Dreieck"@de	"Triangulum Australe"@en
<http://dbpedia.org/resource/Triton_(moon)>	"Triton (Mond)"@de	"Triton"@en
<http://dbpedia.org/resource/Tucana>	"Tukan (Sternbild)"@de	"Tucana"@en
<http://dbpedia.org/resource/Umbriel_(moon)>	"Umbriel"@de	"Umbriel"@en
<http://dbpedia.org/resource/United_Kingdom_of_the_Netherlands>	"Königreich der Vereinigten Niederlande"@de	"Netherlands"@en
<http://dbpedia.org/resource/United_Kingdom_of_the_Netherlands>	"Königreich der Vereinigten Niederlande"@de	"Kingdom of the Netherlands"@en
<http://dbpedia.org/resource/United_Nations_Interim_Administration_Mission_in_Kosovo>	"United Nations Interim Administration Mission in Kosovo"@de	"Kosovo"@en
<http://dbpedia.org/resource/United_States_Minor_Outlying_Islands>	"United States Minor Outlying Islands"@de	"United States Minor Outlying Islands"@en
<http://dbpedia.org/resource/Uranus>	"Uranus (Planet)"@de	"Uranus"@en
<http://dbpedia.org/resource/Ursa_Major>	"Großer Bär"@de	"Ursa Major"@en
<http://dbpedia.org/resource/Ursa_Minor>	"Kleiner Bär"@de	"Ursa Minor"@en
<http://dbpedia.org/resource/Vega>	"Wega"@de	"Vega"@en
<http://dbpedia.org/resource/Vela_(constellation)>	"Segel des Schiffs"@de	"Vela"@en
<http://dbpedia.org/resource/Vermont>	"Vermont"@de	"State of Vermont"@en
<http://dbpedia.org/resource/Virginia>	"Virginia"@de	"Commonwealth of Virginia"@en
<http://dbpedia.org/resource/Virgo_(constellation)>	"Jungfrau (Sternbild)"@de	"Virgo"@en
<http://dbpedia.org/resource/Volksmarine>	"Volksmarine"@de	"Volksmarine"@en
<http://dbpedia.org/resource/Volksmarine>	"Volksmarine"@de	"People's Navy"@en
<http://dbpedia.org/resource/Wall_Street>	"Wall Street"@de	"Wall Street"@en
<http://dbpedia.org/resource/West_Berlin>	"West-Berlin"@de	"West Berlin"@en
<http://dbpedia.org/resource/West_Berlin>	"West-Berlin"@de	"''West-Berlin"@en
<http://dbpedia.org/resource/West_Berlin>	"West-Berlin"@de	"Berlin (West)''"@en
<http://dbpedia.org/resource/West_Virginia>	"West Virginia"@de	"State of West Virginia"@en
<http://dbpedia.org/resource/Western_European_Union>	"Westeuropäische Union"@de	"Western European Union"@en
<http://dbpedia.org/resource/Western_European_Union>	"Westeuropäische Union"@de	"WEU"@en
<http://dbpedia.org/resource/Western_European_Union>	"Westeuropäische Union"@de	"Union de l'Europe occidentale"@en
<http://dbpedia.org/resource/Western_Xia>	"Westliche Xia-Dynastie"@de	"Western Xia"@en
<http://dbpedia.org/resource/Western_Xia>	"Westliche Xia-Dynastie"@de	"80px"@en
<http://dbpedia.org/resource/Western_Xia>	"Westliche Xia-Dynastie"@de	"西夏"@en
<http://dbpedia.org/resource/Westminster_Abbey>	"Westminster Abbey"@de	"Westminster Abbey"@en
<http://dbpedia.org/resource/Westminster_Abbey>	"Westminster Abbey"@de	"Collegiate Church of St Peter at Westminster"@en
<http://dbpedia.org/resource/Whidbey_Island>	"Whidbey Island"@de	"Whidbey Island"@en
<http://dbpedia.org/resource/Wyoming>	"Wyoming"@de	"State of Wyoming"@en
<http://dbpedia.org/resource/Xia_dynasty>	"Xia-Dynastie"@de	"Xia dynasty"@en
<http://dbpedia.org/resource/Xia_dynasty>	"Xia-Dynastie"@de	"Xia"@en
<http://dbpedia.org/resource/Zhou_dynasty>	"Zhou-Dynastie"@de	"Zhou dynasty"@en
<http://dbpedia.org/resource/1681_Steinmetz>	"(1681) Steinmetz"@de	"1681 Steinmetz"@en
<http://dbpedia.org/resource/1703_Barry>	"(1703) Barry"@de	"1703 Barry"@en
<http://dbpedia.org/resource/1817_Katanga>	"(1817) Katanga"@de	"1817 Katanga"@en
<http://dbpedia.org/resource/304_Olga>	"(304) Olga"@de	"304 Olga"@en
<http://dbpedia.org/resource/974_Lioba>	"(974) Lioba"@de	"974 Lioba"@en
<http://dbpedia.org/resource/Akrotiri,_Crete>	"Akrotiri (Kreta)"@de	"Akrotiri"@en
<http://dbpedia.org/resource/Akrotiri,_Crete>	"Akrotiri (Kreta)"@de	"Ακρωτήρι"@en
<http://dbpedia.org/resource/Aksu,_Antalya>	"Aksu (Antalya)"@de	"Aksu"@en
<http://dbpedia.org/resource/Aksu,_Kazakhstan>	"Aqsu (Pawlodar)"@de	"Aksu"@en
<http://dbpedia.org/resource/Aksu,_Kazakhstan>	"Aqsu (Pawlodar)"@de	"Ақсу"@en
<http://dbpedia.org/resource/Alto,_Piedmont>	"Alto (Piemont)"@de	"Alto"@en
<http://dbpedia.org/resource/Alto,_Piedmont>	"Alto (Piemont)"@de	"Comune di Alto"@en
<http://dbpedia.org/resource/Anadolu_Airport>	"Flughafen Eskişehir Anadolu"@de	"Eskişehir Hasan Polatkan Airport"@en
<http://dbpedia.org/resource/Anadolu_Airport>	"Flughafen Eskişehir Anadolu"@de	"Eskişehir Hasan Polatkan Havalimanı"@en
<http://dbpedia.org/resource/Anville,_Charente>	"Anville (Charente)"@de	"Anville"@en
<http://dbpedia.org/resource/Baltoro_Glacier>	"Baltoro-Gletscher"@de	"Baltoro Glacier"@en
<http://dbpedia.org/resource/Baltoro_Muztagh>	"Baltoro Muztagh"@de	"Baltoro Muztagh"@en
<http://dbpedia.org/resource/Bana,_Niger>	"Bana (Niger)"@de	"Bana, Niger"@en
<http://dbpedia.org/resource/Banatska_Palanka>	"Banatska Palanka"@de	"Banatska Palanka"@en
<http://dbpedia.org/resource/Banatska_Palanka>	"Banatska Palanka"@de	"Банатска Паланка"@en
<http://dbpedia.org/resource/Bang_Pakong_District>	"Amphoe Bang Pakong"@de	"Bang Pakong"@en
<http://dbpedia.org/resource/Bang_Pakong_District>	"Amphoe Bang Pakong"@de	"บางปะกง"@en
<http://dbpedia.org/resource/Barzan,_Charente-Maritime>	"Barzan (Charente-Maritime)"@de	"Barzan"@en
<http://dbpedia.org/resource/Bataan_National_Park>	"Bataan-Nationalpark"@de	"Bataan National Park"@en
<http://dbpedia.org/resource/Bevern,_Schleswig-Holstein>	"Bevern (Holstein)"@de	"Bevern"@en
<http://dbpedia.org/resource/Bevern_(Samtgemeinde)>	"Samtgemeinde Bevern"@de	"Bevern"@en
<http://dbpedia.org/resource/Boulogne,_Vendée>	"Boulogne (Vendée)"@de	"Boulogne"@en
<http://dbpedia.org/resource/Brando,_Haute-Corse>	"Brando (Korsika)"@de	"Brando"@en
<http://dbpedia.org/resource/Brody,_Lesser_Poland_Voivodeship>	"Brody (Kalwaria Zebrzydowska)"@de	"Brody"@en
<http://dbpedia.org/resource/Brody,_Nowy_Tomyśl_County>	"Brody (Nowy Tomyśl)"@de	"Brody"@en
<http://dbpedia.org/resource/Brody,_Starachowice_County>	"Brody (Powiat Starachowicki)"@de	"Brody"@en
<http://dbpedia.org/resource/Brody,_Żary_County>	"Brody (Lebus)"@de	"Brody"@en
<http://dbpedia.org/resource/Brza_Palanka>	"Brza Palanka"@de	"Brza Palanka"@en
<http://dbpedia.org/resource/Brza_Palanka>	"Brza Palanka"@de	"Брза Паланка"@en
<http://dbpedia.org/resource/Cabannes,_Bouches-du-Rhône>	"Cabannes"@de	"Cabannes"@en
<http://dbpedia.org/resource/Cagayan_River_(Mindanao)>	"Cagayan (Mindanao)"@de	"Cagayan de Oro River"@en
<http://dbpedia.org/resource/Carandiru_Penitentiary>	"Carandiru"@de	"Carandiru Penitentiary"@en
<http://dbpedia.org/resource/Carandiru_Penitentiary>	"Carandiru"@de	"Casa de Detenção de São Paulo"@en
<http://dbpedia.org/resource/Castelvecchio_di_Rocca_Barbena>	"Castelvecchio di Rocca Barbena"@de	"Castelvecchio di Rocca Barbena"@en
<http://dbpedia.org/resource/Castelvecchio_di_Rocca_Barbena>	"Castelvecchio di Rocca Barbena"@de	"Comune di Castelvecchio di Rocca Barbena"@en
<http://dbpedia.org/resource/Cebu_City>	"Cebu City"@de	"Cebu City"@en
<http://dbpedia.org/resource/Cebu_City>	"Cebu City"@de	"City of Cebu"@en
<http://dbpedia.org/resource/Cebu_City>	"Cebu City"@de	"Dakbayan sa Sugbo"@en
<http://dbpedia.org/resource/Cebu_City>	"Cebu City"@de	"Lungsod ng Cebu"@en
<http://dbpedia.org/resource/Cervino,_Campania>	"Cervino (Kampanien)"@de	"Cervino"@en
<http://dbpedia.org/resource/Cervino,_Campania>	"Cervino (Kampanien)"@de	"Comune di Cervino"@en
<http://dbpedia.org/resource/Chua_Cocani>	"Chua Cocani"@de	"Chua Cocani"@en
<http://dbpedia.org/resource/Cienfuegos_Province>	"Provinz Cienfuegos"@de	"Cienfuegos Province"@en
<http://dbpedia.org/resource/County_of_Boulogne>	"Grafschaft Boulogne"@de	"Boulogne"@en
<http://dbpedia.org/resource/County_of_Boulogne>	"Grafschaft Boulogne"@de	"County of Boulogne"@en
<http://dbpedia.org/resource/County_of_Boulogne>	"Grafschaft Boulogne"@de	"Comté de Boulogne"@en
<http://dbpedia.org/resource/Cromac,_Haute-Vienne>	"Cromac"@de	"Cromac"@en
<http://dbpedia.org/resource/Cross_Lake_(Manitoba)>	"Cross Lake"@de	"Cross Lake"@en
<http://dbpedia.org/resource/Dali_County>	"Dali (Weinan)"@de	"Dali County"@en
<http://dbpedia.org/resource/Damery,_Marne>	"Damery (Marne)"@de	"Damery"@en
<http://dbpedia.org/resource/Damery,_Somme>	"Damery (Somme)"@de	"Damery"@en
<http://dbpedia.org/resource/Dommartin,_Ain>	"Dommartin (Ain)"@de	"Dommartin"@en
<http://dbpedia.org/resource/Dommartin,_Doubs>	"Dommartin (Doubs)"@de	"Dommartin"@en
<http://dbpedia.org/resource/Dommartin,_Rhône>	"Dommartin (Rhône)"@de	"Dommartin"@en
<http://dbpedia.org/resource/Dommartin,_Somme>	"Dommartin (Somme)"@de	"Dommartin"@en
<http://dbpedia.org/resource/Dommartin-aux-Bois>	"Dommartin-aux-Bois"@de	"Dommartin-aux-Bois"@en
<http://dbpedia.org/resource/Dommartin-lès-Cuiseaux>	"Dommartin-lès-Cuiseaux"@de	"Dommartin-lès-Cuiseaux"@en
<http://dbpedia.org/resource/Dommartin-lès-Remiremont>	"Dommartin-lès-Remiremont"@de	"Dommartin-lès-Remiremont"@en
<http://dbpedia.org/resource/Dommartin-lès-Toul>	"Dommartin-lès-Toul"@de	"Dommartin-lès-Toul"@en
<http://dbpedia.org/resource/Dommartin-lès-Vallois>	"Dommartin-lès-Vallois"@de	"Dommartin-lès-Vallois"@en
<http://dbpedia.org/resource/Dutch_East_Indies>	"Niederländisch-Indien"@de	"Dutch East Indies"@en
<http://dbpedia.org/resource/Dutch_East_Indies>	"Niederländisch-Indien"@de	"Hindia-Belanda"@en
<http://dbpedia.org/resource/Dutch_East_Indies>	"Niederländisch-Indien"@de	"Nederlands-Indië"@en
<http://dbpedia.org/resource/Dutch_East_Indies>	"Niederländisch-Indien"@de	"Netherlands East-Indies"@en
<http://dbpedia.org/resource/Dutch_East_Indies>	"Niederländisch-Indien"@de	"Nederlandsch-Indië"@en
<http://dbpedia.org/resource/Emirates_Crown>	"Emirates Crown"@de	"Emirates Crown"@en
<http://dbpedia.org/resource/Firehawk_(roller_coaster)>	"Firehawk (Kings Island)"@de	"Firehawk"@en
<http://dbpedia.org/resource/Hall_Island_(Arctic)>	"Hall-Insel (Franz-Josef-Land)"@de	"Hall Island"@en
<http://dbpedia.org/resource/Hochdorf,_Biberach>	"Hochdorf (Riß)"@de	"Hochdorf"@en
<http://dbpedia.org/resource/Hochdorf,_Esslingen>	"Hochdorf (bei Plochingen)"@de	"Hochdorf"@en
<http://dbpedia.org/resource/Hranice_(Cheb_District)>	"Hranice u Aše"@de	"Hranice"@en
<http://dbpedia.org/resource/Hranice_(České_Budějovice_District)>	"Hranice u Nových Hradů"@de	"Hranice"@en
<http://dbpedia.org/resource/James_Parker_(Massachusetts)>	"James Parker (Massachusetts)"@de	"James Parker"@en
<http://dbpedia.org/resource/Janów,_Podlaskie_Voivodeship>	"Janów (Powiat Sokólski)"@de	"Janów"@en
<http://dbpedia.org/resource/Janów,_Silesian_Voivodeship>	"Janów (Powiat Częstochowski)"@de	"Janów"@en
<http://dbpedia.org/resource/Janów_Podlaski>	"Janów Podlaski"@de	"Janów Podlaski"@en
<http://dbpedia.org/resource/Jussy,_Aisne>	"Jussy (Aisne)"@de	"Jussy"@en
<http://dbpedia.org/resource/Jussy,_Moselle>	"Jussy (Moselle)"@de	"Jussy"@en
<http://dbpedia.org/resource/Kaeng_Krachan_National_Park>	"Nationalpark Kaeng Krachan"@de	"Kaeng Krachan National Park"@en
<http://dbpedia.org/resource/Kahl_Nuclear_Power_Plant>	"Kernkraftwerk Kahl"@de	"Kahl Nuclear Power Plant"@en
<http://dbpedia.org/resource/Kalinga_(India)>	"Kalinga (Indien)"@de	"Kalinga"@en
<http://dbpedia.org/resource/Kalinga_(province)>	"Provinz Kalinga"@de	"Kalinga"@en
<http://dbpedia.org/resource/Kalinga_(province)>	"Provinz Kalinga"@de	"Province of Kalinga"@en
<http://dbpedia.org/resource/Kharan,_Pakistan>	"Kharan (Pakistan)"@de	"Kharan"@en
<http://dbpedia.org/resource/Khatanga_Gulf>	"Chatangagolf"@de	"Khatanga Gulf"@en
<http://dbpedia.org/resource/Khatanga_Gulf>	"Chatangagolf"@de	"Хатангский залив"@en
<http://dbpedia.org/resource/Kisii_County>	"Kisii County"@de	"Kisii County"@en
<http://dbpedia.org/resource/Knightsbridge_tube_station>	"Knightsbridge (London Underground)"@de	"Knightsbridge"@en
<http://dbpedia.org/resource/La_Vallée,_Charente-Maritime>	"La Vallée (Charente-Maritime)"@de	"La Vallée"@en
<http://dbpedia.org/resource/Lancang_Lahu_Autonomous_County>	"Lancang"@de	"Lancang Lahu Autonomous County"@en
<http://dbpedia.org/resource/Les_Anses-d'Arlet>	"Les Anses-d’Arlet"@de	"Les Anses-d'Arlet"@en
<http://dbpedia.org/resource/Mandel,_Germany>	"Mandel (Gemeinde)"@de	"Mandel"@en
<http://dbpedia.org/resource/Markt_Sankt_Martin>	"Markt Sankt Martin"@de	"Markt Sankt Martin"@en
<http://dbpedia.org/resource/Marz,_Austria>	"Marz"@de	"Marz"@en
<http://dbpedia.org/resource/Melkite_Greek_Catholic_Eparchy_of_Saint-Sauveur_of_Montréal>	"Eparchie Saint-Sauveur de Montréal"@de	"Saint-Sauveur in Montréal (Melkite Greek)"@en
<http://dbpedia.org/resource/Melkite_Greek_Catholic_Eparchy_of_Saint-Sauveur_of_Montréal>	"Eparchie Saint-Sauveur de Montréal"@de	"Eparchia Sanctissimi Salvatoris Marianopolitansis Graecorum Melkitarum Catholicorum"@en
<http://dbpedia.org/resource/Mermaid_Beach,_Queensland>	"Mermaid Beach"@de	"Mermaid Beach"@en
<http://dbpedia.org/resource/Merville,_Haute-Garonne>	"Merville (Haute-Garonne)"@de	"Merville"@en
<http://dbpedia.org/resource/Merville,_Nord>	"Merville (Nord)"@de	"Merville"@en
<http://dbpedia.org/resource/Merville,_Nord>	"Merville (Nord)"@de	"Meregem"@en
<http://dbpedia.org/resource/Metro_Cagayan_de_Oro>	"Metro Cagayan de Oro"@de	"Metro Cagayan de Oro"@en
<http://dbpedia.org/resource/Mokko,_Niger>	"Mokko"@de	"Mokko, Niger"@en
<http://dbpedia.org/resource/Montereau-sur-le-Jard>	"Montereau-sur-le-Jard"@de	"Montereau-sur-le-Jard"@en
<http://dbpedia.org/resource/Monts-Valin_National_Park>	"Parc national des Monts-Valin"@de	"Monts-Valin National Park"@en
<http://dbpedia.org/resource/Mud,_Iran>	"Mud (Stadt)"@de	"Mud"@en
<http://dbpedia.org/resource/Mueang_Sisaket_District>	"Amphoe Mueang Si Sa Ket"@de	"Mueang Sisaket"@en
<http://dbpedia.org/resource/Mueang_Sisaket_District>	"Amphoe Mueang Si Sa Ket"@de	"เมืองศรีสะเกษ"@en
<http://dbpedia.org/resource/Muri_Abbey>	"Kloster Muri"@de	"Muri Abbey"@en
<http://dbpedia.org/resource/NQ_Vulpeculae>	"NQ Vulpeculae"@de	"NQ Vulpeculae"@en
<http://dbpedia.org/resource/Nandgaon_State>	"Nandgaon"@de	"Nandgaon"@en
<http://dbpedia.org/resource/Nandgaon_State>	"Nandgaon"@de	"Nandgaon State"@en
<http://dbpedia.org/resource/Nandgaon_State>	"Nandgaon"@de	"नांदगाँव रियासत"@en
<http://dbpedia.org/resource/National_Archaeological_Museum,_Tirana>	"Archäologisches Nationalmuseum (Tirana)"@de	"National Archaeological Museum"@en
<http://dbpedia.org/resource/National_Archaeological_Museum_(Bulgaria)>	"Nationales Archäologisches Museum (Sofia)"@de	"(Национален археологически институт с музей при Българска академия на науките)"@en
<http://dbpedia.org/resource/National_Archaeological_Museum_(Bulgaria)>	"Nationales Archäologisches Museum (Sofia)"@de	"National Institute of Archaeology with Museum in Bulgarian Academy of Sciences"@en
<http://dbpedia.org/resource/National_Archaeological_Museum_(Florence)>	"Archäologisches Nationalmuseum Florenz"@de	"National Archaeological Museum of Florence"@en
<http://dbpedia.org/resource/National_Archaeological_Museum_(Florence)>	"Archäologisches Nationalmuseum Florenz"@de	"Museo archeologico nazionale di Firenze"@en
<http://dbpedia.org/resource/Njala,_Moyamba>	"Njala"@de	"Njala"@en
<http://dbpedia.org/resource/Němčice_(Blansko_District)>	"Němčice u Boskovic"@de	"Němčice"@en
<http://dbpedia.org/resource/Němčice_(Domažlice_District)>	"Němčice u Kdyně"@de	"Němčice"@en
<http://dbpedia.org/resource/Němčice_(Kroměříž_District)>	"Němčice u Holešova"@de	"Němčice"@en
<http://dbpedia.org/resource/Němčice_(Prachatice_District)>	"Němčice u Netolic"@de	"Němčice"@en
<http://dbpedia.org/resource/Němčice_(Strakonice_District)>	"Němčice u Volyně"@de	"Němčice"@en
<http://dbpedia.org/resource/Němčice_nad_Hanou>	"Němčice nad Hanou"@de	"Němčice nad Hanou"@en
<http://dbpedia.org/resource/Olmedo,_Sardinia>	"Olmedo (Sardinien)"@de	"Olmedo"@en
<http://dbpedia.org/resource/Olmedo,_Sardinia>	"Olmedo (Sardinien)"@de	"Comune di Olmedo"@en
<http://dbpedia.org/resource/Pers-Jussy>	"Pers-Jussy"@de	"Pers-Jussy"@en
<http://dbpedia.org/resource/Phan_District>	"Amphoe Phan"@de	"Phan"@en
<http://dbpedia.org/resource/Phan_District>	"Amphoe Phan"@de	"พาน"@en
<http://dbpedia.org/resource/Piotrowice,_Kłodzko_County>	"Piotrowice (Bystrzyca Kłodzka)"@de	"Piotrowice"@en
<http://dbpedia.org/resource/Piotrowice,_Oświęcim_County>	"Piotrowice (Przeciszów)"@de	"Piotrowice"@en
<http://dbpedia.org/resource/Piotrowice,_West_Pomeranian_Voivodeship>	"Piotrowice (Dygowo)"@de	"Piotrowice"@en
<http://dbpedia.org/resource/Plaisance,_Gers>	"Plaisance (Gers)"@de	"Plaisance (Plasença)"@en
<http://dbpedia.org/resource/Plaisance-du-Touch>	"Plaisance-du-Touch"@de	"Plaisance-du-Touch"@en
<http://dbpedia.org/resource/Podmokly_(Klatovy_District)>	"Podmokly u Sušice"@de	"Podmokly"@en
<http://dbpedia.org/resource/Podmokly_(Rokycany_District)>	"Podmokly nad Berounkou"@de	"Podmokly"@en
<http://dbpedia.org/resource/Raman_District>	"Amphoe Raman"@de	"Raman"@en
<http://dbpedia.org/resource/Raman_District>	"Amphoe Raman"@de	"รามัน"@en
<http://dbpedia.org/resource/Red_Bull_Arena_(Leipzig)>	"Red Bull Arena (Leipzig)"@de	"Red Bull Arena"@en
<http://dbpedia.org/resource/Red_Bull_Arena_(Leipzig)>	"Red Bull Arena (Leipzig)"@de	"Zentralstadion (1956–2010)"@en
<http://dbpedia.org/resource/Red_Bull_Arena_(Salzburg)>	"Red Bull Arena (Wals-Siezenheim)"@de	"Red Bull Arena"@en
<http://dbpedia.org/resource/Rio_Minho_(Jamaica)>	"Rio Minho (Jamaika)"@de	"Rio Minho"@en
<http://dbpedia.org/resource/Roman_Catholic_Archdiocese_of_Cebu>	"Erzbistum Cebu"@de	"Cebu"@en
<http://dbpedia.org/resource/Roman_Catholic_Archdiocese_of_Cebu>	"Erzbistum Cebu"@de	"Archidiocesis Nominis Iesu o Cæbuanus"@en
<http://dbpedia.org/resource/Roman_Catholic_Archdiocese_of_Cebu>	"Erzbistum Cebu"@de	"Artsidiyosesis sa Sugbo"@en
<http://dbpedia.org/resource/Roman_Catholic_Diocese_of_Galloway>	"Bistum Galloway"@de	"Galloway"@en
<http://dbpedia.org/resource/Roman_Catholic_Diocese_of_Galloway>	"Bistum Galloway"@de	"Dioecesis Candidae Casae o Gallovidianus"@en
<http://dbpedia.org/resource/Roper_River>	"Roper River"@de	"Roper"@en
<http://dbpedia.org/resource/Roya_(river)>	"Roya"@de	"Roya, Roia, Roìa"@en
<http://dbpedia.org/resource/Ruś,_Olsztyn_County>	"Ruś (Stawiguda)"@de	"Ruś"@en
<http://dbpedia.org/resource/Sacred_Heart_Cathedral,_Rēzekne>	"Herz-Jesu-Kathedrale (Rēzekne)"@de	"Sacred Heart Cathedral"@en
<http://dbpedia.org/resource/Saint-Cyprien,_Corrèze>	"Saint-Cyprien (Corrèze)"@de	"Saint-Cyprien"@en
<http://dbpedia.org/resource/Saint-Cyprien,_Dordogne>	"Saint-Cyprien (Dordogne)"@de	"Saint-Cyprien"@en
<http://dbpedia.org/resource/Saint-Cyprien,_Loire>	"Saint-Cyprien (Loire)"@de	"Saint-Cyprien"@en
<http://dbpedia.org/resource/Saint-Cyprien,_Pyrénées-Orientales>	"Saint-Cyprien (Pyrénées-Orientales)"@de	"Saint-Cyprien"@en
<http://dbpedia.org/resource/Saint-Cyprien,_Pyrénées-Orientales>	"Saint-Cyprien (Pyrénées-Orientales)"@de	"Sant Cebrià de Rosselló"@en
<http://dbpedia.org/resource/Saint-Cyprien-sur-Dourdou>	"Saint-Cyprien-sur-Dourdou"@de	"Saint-Cyprien-sur-Dourdou"@en
<http://dbpedia.org/resource/Saint-Sauveur,_Finistère>	"Saint-Sauveur (Finistère)"@de	"Saint-Sauveur"@en
<http://dbpedia.org/resource/Saint-Sauveur,_Finistère>	"Saint-Sauveur (Finistère)"@de	"An Dre-Nevez"@en
<http://dbpedia.org/resource/Saint-Sauveur,_Gironde>	"Saint-Sauveur (Gironde)"@de	"Saint-Sauveur"@en
<http://dbpedia.org/resource/Saint-Sauveur,_Haute-Garonne>	"Saint-Sauveur (Haute-Garonne)"@de	"Saint-Sauveur"@en
<http://dbpedia.org/resource/Saint-Sauveur,_Haute-Saône>	"Saint-Sauveur (Haute-Saône)"@de	"Saint-Sauveur"@en
<http://dbpedia.org/resource/Saint-Sauveur,_Hautes-Alpes>	"Saint-Sauveur (Hautes-Alpes)"@de	"Saint-Sauveur"@en
<http://dbpedia.org/resource/Saint-Sauveur,_Isère>	"Saint-Sauveur (Isère)"@de	"Saint-Sauveur"@en
<http://dbpedia.org/resource/Saint-Sauveur,_Oise>	"Saint-Sauveur (Oise)"@de	"Saint-Sauveur"@en
<http://dbpedia.org/resource/Saint-Sauveur,_Somme>	"Saint-Sauveur (Somme)"@de	"Saint-Sauveur"@en
<http://dbpedia.org/resource/Saint-Sauveur,_Vienne>	"Saint-Sauveur (Vienne)"@de	"Saint-Sauveur"@en
<http://dbpedia.org/resource/Saint-Sauveur-Camprieu>	"Saint-Sauveur-Camprieu"@de	"Saint-Sauveur-Camprieu"@en
<http://dbpedia.org/resource/Saint-Sauveur-Lendelin>	"Saint-Sauveur-Lendelin"@de	"Saint-Sauveur-Lendelin"@en
<http://dbpedia.org/resource/Saint-Sauveur-d'Émalleville>	"Saint-Sauveur-d’Émalleville"@de	"Saint-Sauveur-d’Émalleville"@en
<http://dbpedia.org/resource/Saint-Sauveur-de-Cruzières>	"Saint-Sauveur-de-Cruzières"@de	"Saint-Sauveur-de-Cruzières"@en
<http://dbpedia.org/resource/Saint-Sauveur-de-Landemont>	"Saint-Sauveur-de-Landemont"@de	"Saint-Sauveur-de-Landemont"@en
<http://dbpedia.org/resource/Saint-Sauveur-de-Peyre>	"Saint-Sauveur-de-Peyre"@de	"Saint-Sauveur-de-Peyre"@en
<http://dbpedia.org/resource/Saint-Sauveur-en-Rue>	"Saint-Sauveur-en-Rue"@de	"Saint-Sauveur-en-Rue"@en
<http://dbpedia.org/resource/Saint-Sauveur-lès-Bray>	"Saint-Sauveur-lès-Bray"@de	"Saint-Sauveur-lès-Bray"@en
<http://dbpedia.org/resource/Saka,_Estonia>	"Saka (Kohtla)"@de	"Saka"@en
<http://dbpedia.org/resource/Salpa_Line>	"Salpa-Linie"@de	"Salpa Line"@en
<http://dbpedia.org/resource/Sankt_Martin,_Germany>	"Sankt Martin (Pfalz)"@de	"Sankt Martin"@en
<http://dbpedia.org/resource/Sankt_Martin,_Lower_Austria>	"St. Martin (Niederösterreich)"@de	"Sankt Martin"@en
<http://dbpedia.org/resource/Sankt_Martin_am_Grimming>	"Sankt Martin am Grimming"@de	"Sankt Martin am Grimming"@en
<http://dbpedia.org/resource/Sankt_Martin_am_Tennengebirge>	"St. Martin am Tennengebirge"@de	"Sankt Martin am Tennengebirge"@en
<http://dbpedia.org/resource/Sankt_Martin_am_Wöllmißberg>	"Sankt Martin am Wöllmißberg"@de	"Sankt Martin am Wöllmißberg"@en
<http://dbpedia.org/resource/Sankt_Martin_an_der_Raab>	"Sankt Martin an der Raab"@de	"Sankt Martin an der Raab"@en
<http://dbpedia.org/resource/Sankt_Martin_bei_Lofer>	"Sankt Martin bei Lofer"@de	"Sankt Martin bei Lofer"@en
<http://dbpedia.org/resource/Sankt_Martin_im_Innkreis>	"St. Martin im Innkreis"@de	"Sankt Martin im Innkreis"@en
<http://dbpedia.org/resource/Sankt_Martin_im_Mühlkreis>	"St. Martin im Mühlkreis"@de	"Sankt Martin im Mühlkreis"@en
<http://dbpedia.org/resource/Sankt_Martin_im_Sulmtal>	"Sankt Martin im Sulmtal"@de	"Sankt Martin im Sulmtal"@en
<http://dbpedia.org/resource/Sassen,_Germany>	"Sassen (Eifel)"@de	"Sassen"@en
<http://dbpedia.org/resource/Scheidt,_Rhineland-Palatinate>	"Scheidt (Rhein-Lahn-Kreis)"@de	"Scheidt"@en
<http://dbpedia.org/resource/Scheidt_(Saarbrücken)>	"Scheidt (Saarbrücken)"@de	"Scheidt"@en
<http://dbpedia.org/resource/Schlossberg_(Brandenburg)>	"Schlossberg (Burg)"@de	"Schlossberg (Burg)"@en
<http://dbpedia.org/resource/Schlossberg_(Uri)>	"Schlossberg (Uri)"@de	"Schlossberg"@en
<http://dbpedia.org/resource/Schlossberg_Ulrichstein>	"Burg Ulrichstein"@de	"Schlossberg Ulrichstein"@en
<http://dbpedia.org/resource/Schlossberg_von_Tettelham>	"Schlossberg von Tettelham"@de	"Schlossberg von Tettelham"@en
<http://dbpedia.org/resource/Schloßberg_(Leibnitz)>	"Schloßberg (Steiermark)"@de	"Schloßberg"@en
<http://dbpedia.org/resource/Schloßberg_(Pegnitz)>	"Schloßberg (Pegnitz)"@de	"Schloßberg (Pegnitz)"@en
<http://dbpedia.org/resource/Shaba_National_Reserve>	"Shaba-Nationalreservat"@de	"Shaba National Reserve"@en
<http://dbpedia.org/resource/Shekhan_District>	"Schaichān"@de	"Shekhan"@en
<http://dbpedia.org/resource/Skye>	"Skye"@de	"An t-Eilean Sgitheanach"@en
<http://dbpedia.org/resource/Sono_Department>	"Sono"@de	"Sono"@en
<http://dbpedia.org/resource/South_Coast_AVA>	"South Coast AVA"@de	"South Coast AVA"@en
<http://dbpedia.org/resource/Spieser_Schlossberg>	"Burgstall Spies"@de	"Spieser Schlossberg"@en
<http://dbpedia.org/resource/Spital_am_Pyhrn>	"Spital am Pyhrn"@de	"Spital am Pyhrn"@en
<http://dbpedia.org/resource/Spital_am_Semmering>	"Spital am Semmering"@de	"Spital am Semmering"@en
<http://dbpedia.org/resource/Stadio_Comunale_(Chiavari)>	"Stadio Comunale (Chiavari)"@de	"Stadio Comunale"@en
<http://dbpedia.org/resource/Stadio_Comunale_Bellinzona>	"Stadio Comunale (Bellinzona)"@de	"Stadio Comunale Bellinzona"@en
<http://dbpedia.org/resource/Stadio_Comunale_di_Monigo>	"Stadio Comunale di Monigo"@de	"Stadio Comunale di Monigo"@en
<http://dbpedia.org/resource/State_of_Katanga>	"Katanga (Staat)"@de	"State of Katanga"@en
<http://dbpedia.org/resource/State_of_Katanga>	"Katanga (Staat)"@de	"Katanga"@en
<http://dbpedia.org/resource/State_of_Katanga>	"Katanga (Staat)"@de	"Inchi ya Katanga"@en
<http://dbpedia.org/resource/State_of_Katanga>	"Katanga (Staat)"@de	"État du Katanga"@en
<http://dbpedia.org/resource/Strahlenfelser_Schlossberg>	"Burgstall Strahlenfels"@de	"Strahlenfelser Schlossberg"@en
<http://dbpedia.org/resource/Swan_Lake_(Manitoba)>	"Swan Lake (Manitoba)"@de	"Swan Lake"@en
<http://dbpedia.org/resource/Taq_Kasra>	"Taq-e Kisra"@de	"Taq Kasra"@en
<http://dbpedia.org/resource/Theodor_Heuss_Bridge_(Düsseldorf)>	"Theodor-Heuss-Brücke (Düsseldorf)"@de	"Theodor Heuss Bridge"@en
<http://dbpedia.org/resource/Theodor_Heuss_Bridge_(Düsseldorf)>	"Theodor-Heuss-Brücke (Düsseldorf)"@de	"Theodor-Heuss-Brücke"@en
<http://dbpedia.org/resource/Toei_Shinjuku_Line>	"Toei Shinjuku-Linie"@de	"Shinjuku Line"@en
<http://dbpedia.org/resource/Transnistria_Governorate>	"Gouvernement Transnistrien"@de	"Transnistria"@en
<http://dbpedia.org/resource/Transnistria_Governorate>	"Gouvernement Transnistrien"@de	"Transnistria Governorate"@en
<http://dbpedia.org/resource/Transnistria_Governorate>	"Gouvernement Transnistrien"@de	"Guvernământul Transnistriei"@en
<http://dbpedia.org/resource/Trient,_Switzerland>	"Trient VS"@de	"Trient"@en
<http://dbpedia.org/resource/Weißkirchen_an_der_Traun>	"Weißkirchen an der Traun"@de	"Weißkirchen an der Traun"@en
<http://dbpedia.org/resource/Weißkirchen_in_Steiermark>	"Weißkirchen in Steiermark"@de	"Weißkirchen in Steiermark"@en
<http://dbpedia.org/resource/Werder,_Demmin>	"Werder (bei Altentreptow)"@de	"Werder"@en
<http://dbpedia.org/resource/Werder,_Ethiopia>	"Warder (Äthiopien)"@de	"Werder"@en
<http://dbpedia.org/resource/Werder,_Parchim>	"Werder (bei Lübz)"@de	"Werder"@en
<http://dbpedia.org/resource/Western_Freeway_(Victoria)>	"Western Freeway (Victoria)"@de	"Western Freeway"@en
<http://dbpedia.org/resource/Wolf_Lake_(Yukon)>	"Wolf Lake (Yukon)"@de	"Wolf Lake"@en
<http://dbpedia.org/resource/Zamboanga_City>	"Zamboanga City"@de	"Zamboanga City"@en
<http://dbpedia.org/resource/Zamboanga_City>	"Zamboanga City"@de	"City of Zamboanga"@en
<http://dbpedia.org/resource/Zamboanga_del_Norte>	"Zamboanga del Norte"@de	"Zamboanga del Norte"@en
<http://dbpedia.org/resource/Zamboanga_del_Norte>	"Zamboanga del Norte"@de	"Province of Zamboanga del Norte"@en
<http://dbpedia.org/resource/Žitava_(river)>	"Žitava"@de	"Žitava"@en
<http://dbpedia.org/resource/'Amran>	"ʿAmrān"@de	"عمران"@en
<http://dbpedia.org/resource/'Amran>	"ʿAmrān"@de	"ʿAmrān"@en
<http://dbpedia.org/resource/1190_Pelagia>	"(1190) Pelagia"@de	"1190 Pelagia"@en
<http://dbpedia.org/resource/1269_Rollandia>	"(1269) Rollandia"@de	"Rollandia"@en
<http://dbpedia.org/resource/1374_Isora>	"(1374) Isora"@de	"1374 Isora"@en
<http://dbpedia.org/resource/1565_Lemaître>	"(1565) Lemaître"@de	"1565 Lemaître"@en
<http://dbpedia.org/resource/159_Aemilia>	"(159) Aemilia"@de	"159 Aemilia"@en
<http://dbpedia.org/resource/1621_Druzhba>	"(1621) Druzhba"@de	"1621 Druzhba"@en
<http://dbpedia.org/resource/1651_Behrens>	"(1651) Behrens"@de	"1651 Behrens"@en
<http://dbpedia.org/resource/1722_Goffin>	"(1722) Goffin"@de	"1722 Goffin"@en
<http://dbpedia.org/resource/173_Ino>	"(173) Ino"@de	"173 Ino"@en
<http://dbpedia.org/resource/1852_Carpenter>	"(1852) Carpenter"@de	"1852 Carpenter"@en
<http://dbpedia.org/resource/1912_Anubis>	"(1912) Anubis"@de	"1912 Anubis"@en
<http://dbpedia.org/resource/19521_Chaos>	"(19521) Chaos"@de	"19521 Chaos"@en
<http://dbpedia.org/resource/1955_McMath>	"(1955) McMath"@de	"1955 McMath"@en
<http://dbpedia.org/resource/1958_Chandra>	"(1958) Chandra"@de	"1958 Chandra"@en
<http://dbpedia.org/resource/1983_Bok>	"(1983) Bok"@de	"1983 Bok"@en
<http://dbpedia.org/resource/2009_Voloshina>	"(2009) Voloshina"@de	"2009 Voloshina"@en
<http://dbpedia.org/resource/205_Martha>	"(205) Martha"@de	"205 Martha"@en
<http://dbpedia.org/resource/2099_Öpik>	"(2099) Öpik"@de	"2099 Öpik"@en
<http://dbpedia.org/resource/2102_Tantalus>	"(2102) Tantalus"@de	"Tantalus"@en
<http://dbpedia.org/resource/2384_Schulhof>	"(2384) Schulhof"@de	"2384 Schulhof"@en
<http://dbpedia.org/resource/2429_Schürer>	"(2429) Schürer"@de	"2429 Schürer"@en
<http://dbpedia.org/resource/27_Euterpe>	"(27) Euterpe"@de	"27 Euterpe"@en
<http://dbpedia.org/resource/280_Philia>	"(280) Philia"@de	"280 Philia"@en
<http://dbpedia.org/resource/314_Rosalia>	"(314) Rosalia"@de	"314 Rosalia"@en
<http://dbpedia.org/resource/3635_Kreutz>	"(3635) Kreutz"@de	"Kreutz"@en
<http://dbpedia.org/resource/363_Padua>	"(363) Padua"@de	"363 Padua"@en
<http://dbpedia.org/resource/420_Bertholda>	"(420) Bertholda"@de	"420 Bertholda"@en
<http://dbpedia.org/resource/430_Hybris>	"(430) Hybris"@de	"430 Hybris"@en
<http://dbpedia.org/resource/43_Ariadne>	"(43) Ariadne"@de	"43 Ariadne"@en
<http://dbpedia.org/resource/4674_Pauling>	"(4674) Pauling"@de	"4674 Pauling"@en
<http://dbpedia.org/resource/689_Zita>	"(689) Zita"@de	"689 Zita"@en
<http://dbpedia.org/resource/7307_Takei>	"(7307) Takei"@de	"Takei"@en
<http://dbpedia.org/resource/782_Montefiore>	"(782) Montefiore"@de	"782 Montefiore"@en
<http://dbpedia.org/resource/831_Stateira>	"(831) Stateira"@de	"831 Stateira"@en
<http://dbpedia.org/resource/Aappilattoq,_Kujalleq>	"Aappilattoq"@de	"Aappilattoq"@en
<http://dbpedia.org/resource/Abbecourt,_Oise>	"Abbecourt"@de	"Abbecourt"@en
<http://dbpedia.org/resource/Abra_Pampa>	"Abra Pampa"@de	"Abra Pampa"@en
<http://dbpedia.org/resource/Agia,_Cyprus>	"Dilekkaya (Lefkoşa)"@de	"Agia"@en
<http://dbpedia.org/resource/Agia,_Larissa>	"Agia (Thessalien)"@de	"Agia"@en
<http://dbpedia.org/resource/Agia,_Larissa>	"Agia (Thessalien)"@de	"Αγιά"@en
<http://dbpedia.org/resource/Agioi_Theodoroi_(islands)>	"Theodorou"@de	"Agioi Theodoroi"@en
<http://dbpedia.org/resource/Ahigal_de_Villarino>	"Ahigal de Villarino"@de	"Ahigal de Villarino"@en
<http://dbpedia.org/resource/Akbar,_Basilan>	"Akbar (Basilan)"@de	"Akbar"@en
<http://dbpedia.org/resource/Al-Rastan>	"Rastan"@de	"Ar-Rastan"@en
<http://dbpedia.org/resource/Al-Rastan>	"Rastan"@de	"الرستن"@en
<http://dbpedia.org/resource/Alberdi_Department>	"Departamento Alberdi"@de	"Alberdi Department"@en
<http://dbpedia.org/resource/Almonte_(river)>	"Almonte (Tajo)"@de	"Almonte"@en
<http://dbpedia.org/resource/Altenburg,_Lower_Austria>	"Altenburg (Niederösterreich)"@de	"Altenburg"@en
<http://dbpedia.org/resource/Altenburg_(Bamberg)>	"Altenburg (Bamberg)"@de	"Altenburg"@en
<http://dbpedia.org/resource/Altenburg_(Neuental)>	"Altenburg (Neuental)"@de	"Altenburg"@en
<http://dbpedia.org/resource/Altenburg_(Niedenstein)>	"Altenburg (Niedenstein)"@de	"Altenburg"@en
<http://dbpedia.org/resource/Alu_(Ethiopia)>	"Alu (Äthiopien)"@de	"Alu"@en
<http://dbpedia.org/resource/Ammoudia,_Preveza>	"Ammoudia"@de	"Ammoudia"@en
<http://dbpedia.org/resource/Ammoudia,_Preveza>	"Ammoudia"@de	"Αμμουδιά"@en
<http://dbpedia.org/resource/Andi_Koysu>	"Andijskoje Koisu"@de	"Andi Koysu"@en
<http://dbpedia.org/resource/Andon,_Alpes-Maritimes>	"Andon (Alpes-Maritimes)"@de	"Andon"@en
<http://dbpedia.org/resource/Andorra,_Teruel>	"Andorra (Teruel)"@de	"Andorra"@en
<http://dbpedia.org/resource/Andorra-Sierra_de_Arcos>	"Andorra-Sierra de Arcos"@de	"Andorra-Sierra de Arcos"@en
<http://dbpedia.org/resource/Andover_Township,_Ashtabula_County,_Ohio>	"Andover Township (Ohio)"@de	"Andover Township, Ashtabula County, Ohio"@en
<http://dbpedia.org/resource/Anju_District>	"Anju (Suining)"@de	"Anju"@en
<http://dbpedia.org/resource/Ano_Fanari>	"Ano Fanari"@de	"Ano Fanari"@en
<http://dbpedia.org/resource/Ano_Fanari>	"Ano Fanari"@de	"Άνω Φανάρι"@en
<http://dbpedia.org/resource/Anvik_Airport>	"Flughafen Anvik"@de	"Anvik Airport"@en
<http://dbpedia.org/resource/Arab_Kingdom_of_Syria>	"Königreich Syrien"@de	"Syria"@en
<http://dbpedia.org/resource/Arab_Kingdom_of_Syria>	"Königreich Syrien"@de	"Arab Kingdom of Syria"@en
<http://dbpedia.org/resource/Aragon,_Aude>	"Aragon (Aude)"@de	"Aragon"@en
<http://dbpedia.org/resource/Arandis,_Namibia>	"Arandis"@de	"Arandis"@en
<http://dbpedia.org/resource/Arauco,_Chile>	"Arauco"@de	"Arauco"@en
<http://dbpedia.org/resource/Arborio,_Piedmont>	"Arborio"@de	"Arboro"@en
<http://dbpedia.org/resource/Arborio,_Piedmont>	"Arborio"@de	"Comune di Arboro"@en
<http://dbpedia.org/resource/Armenoi>	"Armeni (Apokoronas)"@de	"Armenoi"@en
<http://dbpedia.org/resource/Armenoi>	"Armeni (Apokoronas)"@de	"Αρμένοι"@en
<http://dbpedia.org/resource/Arnouville-lès-Mantes>	"Arnouville-lès-Mantes"@de	"Arnouville-lès-Mantes"@en
